<?xml version="1.0" encoding="UTF-8"?>
<project xmlns="http://maven.apache.org/POM/4.0.0"
         xmlns:xsi="http://www.w3.org/2001/XMLSchema-instance"
         xsi:schemaLocation="http://maven.apache.org/POM/4.0.0 http://maven.apache.org/xsd/maven-4.0.0.xsd">
    <modelVersion>4.0.0</modelVersion>

    <groupId>Insta_work</groupId>
    <artifactId>Insta_work</artifactId>
    <version>1.0-SNAPSHOT</version>
    <build>

        <plugins>
            <plugin>
                <groupId>org.apache.maven.plugins</groupId>
                <artifactId>maven-compiler-plugin</artifactId>
                <version>3.6.1</version>
                <configuration>
                    <source>1.8</source>
                    <target>1.8</target>
                    <compilerArgs>
                        <arg>-XDignore.symbol.file</arg>
                    </compilerArgs>
                    <fork>true</fork>
                </configuration>
            </plugin>

            <plugin>
                <groupId>org.apache.maven.plugins</groupId>
                <artifactId>maven-surefire-plugin</artifactId>
                <version>2.18.1</version>
                <configuration>
                    <suiteXmlFiles>
                        <suiteXmlFile>testNG.xml</suiteXmlFile>
                    </suiteXmlFiles>
                </configuration>
            </plugin>

        </plugins>
    </build>

    <dependencies>
        <dependency>
            <groupId>org.testng</groupId>
            <artifactId>testng</artifactId>
            <version>7.0.0</version>
        </dependency>

        <dependency>
            <groupId>com.relevantcodes</groupId>
            <artifactId>extentreports</artifactId>
            <version>2.41.2</version>
        </dependency>


        <dependency>
            <groupId>log4j</groupId>
            <artifactId>log4j</artifactId>
            <version>1.2.17</version>
        </dependency>

        <dependency>
            <groupId>mysql</groupId>
            <artifactId>mysql-connector-java</artifactId>
            <version>5.1.6</version>
        </dependency>



        <dependency>
            <groupId>org.apache.poi</groupId>
            <artifactId>poi-ooxml-schemas</artifactId>
            <version>3.9</version>
        </dependency>

        <dependency>
            <groupId>org.apache.poi</groupId>
            <artifactId>poi-scratchpad</artifactId>
            <version>3.9</version>
        </dependency>

        <dependency>
            <groupId>org.apache.poi</groupId>
            <artifactId>ooxml-schemas</artifactId>
            <version>1.1</version>
        </dependency>

        <dependency>
            <groupId>org.apache.poi</groupId>
            <artifactId>openxml4j</artifactId>
            <version>1.0-beta</version>
        </dependency>

        <dependency>
            <groupId>org.seleniumhq.selenium</groupId>
            <artifactId>selenium-java</artifactId>
            <version>2.53.1</version>
        </dependency>

        <dependency>
            <groupId>commons-io</groupId>
            <artifactId>commons-io</artifactId>
            <version>2.6</version>
        </dependency>

        <dependency>
            <groupId>org.json</groupId>
            <artifactId>json</artifactId>
            <version>20190722</version>
        </dependency>

        <!-- https://mvnrepository.com/artifact/com.googlecode.json-simple/json-simple -->
        <dependency>
            <groupId>com.googlecode.json-simple</groupId>
            <artifactId>json-simple</artifactId>
            <version>1.1.1</version>
        </dependency>




    </dependencies>



</project>