<?xml version="1.0" encoding="UTF-8"?>
<project version="4">
  <component name="ChangeListManager">
    <list default="true" id="49cbe525-8a51-4ef4-a559-8388258b56b0" name="Default Changelist" comment="" />
    <option name="EXCLUDED_CONVERTED_TO_IGNORED" value="true" />
    <option name="SHOW_DIALOG" value="false" />
    <option name="HIGHLIGHT_CONFLICTS" value="true" />
    <option name="HIGHLIGHT_NON_ACTIVE_CHANGELIST" value="false" />
    <option name="LAST_RESOLUTION" value="IGNORE" />
  </component>
  <component name="FileTemplateManagerImpl">
    <option name="RECENT_TEMPLATES">
      <list>
        <option value="Class" />
      </list>
    </option>
  </component>
  <component name="ProjectId" id="1ZfhoemBFguSXWUbl45VUew0VVw" />
  <component name="RunDashboard">
    <option name="ruleStates">
      <list>
        <RuleState>
          <option name="name" value="ConfigurationTypeDashboardGroupingRule" />
        </RuleState>
        <RuleState>
          <option name="name" value="StatusDashboardGroupingRule" />
        </RuleState>
      </list>
    </option>
  </component>
  <component name="RunManager" selected="Application.Insta_search">
    <configuration name="Insta_search" type="Application" factoryName="Application" temporary="true" nameIsGenerated="true">
      <option name="MAIN_CLASS_NAME" value="Insta_search" />
      <module name="Insta_work" />
      <method v="2">
        <option name="Make" enabled="true" />
      </method>
    </configuration>
    <configuration name="Instawork_search" type="Application" factoryName="Application" temporary="true" nameIsGenerated="true">
      <option name="MAIN_CLASS_NAME" value="Instawork_search" />
      <module name="Insta_work" />
      <method v="2">
        <option name="Make" enabled="true" />
      </method>
    </configuration>
    <recent_temporary>
      <list>
        <item itemvalue="Application.Insta_search" />
        <item itemvalue="Application.Instawork_search" />
      </list>
    </recent_temporary>
  </component>
  <component name="SvnConfiguration">
    <configuration />
  </component>
  <component name="TaskManager">
    <task active="true" id="Default" summary="Default task">
      <changelist id="49cbe525-8a51-4ef4-a559-8388258b56b0" name="Default Changelist" comment="" />
      <created>1585236232210</created>
      <option name="number" value="Default" />
      <option name="presentableId" value="Default" />
      <updated>1585236232210</updated>
    </task>
    <servers />
  </component>
</project>